Id,Name,Category,ImageLocation
200,Bastani,Dessert,Bastani
201,Chocolate Heaven Waffle,Dessert,Chocolate_heaven_waffle
202,Coconut Mango Mousse,Dessert,Coconut_mango_mousse
203,Faloodeh,Dessert,Faloodeh
204,Homemade Molten Lava Cake,Dessert,Homemade_Molten_Lava_Cake
205,Keto Cheesecake,Dessert,Keto_cheesecake
206,Macaron,Dessert,Macaron
207,Matcha Lava Cake,Dessert,Matcha_Lava_Cake
208,Sailor Mood Luna Melonpan,Dessert,Sailor_Moon_Luna_melonpan
209,Strawberry Tart,Dessert,Strawberry_Tart
210,Whistler,Dessert,Whistler
211,White Chocolate Raspberry Cheesecake,Appetizer,White_chocolate_raspberry_cheesecake